time, title, link
26/05/2024 15:22:33,Me at the zoo,https://youtu.be/jNQXAC9IVRw?feature=shared
26/05/2024 15:32:02,MASSA Feat. MUBINLOLO - O'lov (Official Music Video),https://youtu.be/FiHEW07eaSU?feature=shared
26/05/2024 15:47:06,the shortest video in the world #7,https://youtube.com/playlist?list=PLXqZLJI1Rpy_x_piwxi9T-UlToz3UGdM-&feature=shared
26/05/2024 15:47:07,the shortest video in the world #6,https://youtube.com/playlist?list=PLXqZLJI1Rpy_x_piwxi9T-UlToz3UGdM-&feature=shared
26/05/2024 15:47:07,THE SHORTEST VIDEO IN THE WORLD #9,https://youtube.com/playlist?list=PLXqZLJI1Rpy_x_piwxi9T-UlToz3UGdM-&feature=shared
26/05/2024 15:47:07,the shortest video in the world #2,https://youtube.com/playlist?list=PLXqZLJI1Rpy_x_piwxi9T-UlToz3UGdM-&feature=shared
26/05/2024 15:47:08,THE SHORTEST VIDEO IN THE WORLD #10,https://youtube.com/playlist?list=PLXqZLJI1Rpy_x_piwxi9T-UlToz3UGdM-&feature=shared
26/05/2024 15:47:08,the shortest video in the world #1,https://youtube.com/playlist?list=PLXqZLJI1Rpy_x_piwxi9T-UlToz3UGdM-&feature=shared
26/05/2024 15:47:09,the shortest video in the world #4,https://youtube.com/playlist?list=PLXqZLJI1Rpy_x_piwxi9T-UlToz3UGdM-&feature=shared
26/05/2024 15:47:13,the shortest video in the world #3,https://youtube.com/playlist?list=PLXqZLJI1Rpy_x_piwxi9T-UlToz3UGdM-&feature=shared
26/05/2024 15:47:16,the shortest video in the world #5,https://youtube.com/playlist?list=PLXqZLJI1Rpy_x_piwxi9T-UlToz3UGdM-&feature=shared
26/05/2024 15:47:17,the shortest video in the world #8,https://youtube.com/playlist?list=PLXqZLJI1Rpy_x_piwxi9T-UlToz3UGdM-&feature=shared
